Method,Threshold,Accuracy,Precision,Recall,F1 Score,Mean_blurred,Mean_not_blurred
laplacian_variance,200,58.77192982456141,0.0,0.0,0.0,431.5208815841446,714.7758146765334
gradient_magnitude,200,41.228070175438596,0.41228070175438597,1.0,0.5838509316770186,11.53451915707602,25.771308331367006
frequency_based,200,58.77192982456141,0.0,0.0,0.0,5533.035742951436,8308.035449945242
edge_based,200,41.228070175438596,0.41228070175438597,1.0,0.5838509316770186,2.155823344217374,10.460495707587649
